{"E1": {}, "E2": {}, "E3": {}, "E4": {}, "D1": {"yes": 3.996, "no": 0.5684194315799997, "beer": 0, "wine": 0, "white wine": 0, "red wine": 0, "pilsner": 0, "lager": 0}, "D2": {"yes": 3.96, "no": 0.3315779999999997, "beer": 0, "wine": 0, "white wine": 0, "red wine": 0, "pilsner": 0, "lager": 0}, "D3": {"beer": 0, "wine": 0, "white wine": 0, "red wine": 0, "pilsner": 0, "lager": 0}, "D4": {"yes": 4.995, "no": 0.7186364999999995, "beer": 0, "wine": 0, "white wine": 0, "red wine": 0, "pilsner": 0, "lager": 0}, "D5": {"yes": 3.96, "no": 1.1209373999999999, "beer": 0, "wine": 0, "white wine": 0, "red wine": 0, "pilsner": 0, "lager": 0}, "D6": {"beer": 0, "wine": 2.2189373999999997, "white wine": 3.96, "red wine": 4.95, "pilsner": 0, "lager": 0}, "C1": {"Would you like lager": 2.7036, "Would you like pilsner": -0.9, "Pilsner or Lager": 0}, "C2": {"Would you like red wine": -0.9, "Would you like white wine": 2.4858000000000002, "White or red wine": 3.6970379999999996}, "B1": {"yes": -0.9, "no": 0.6431624999999999, "beer": 0, "wine": 0, "white wine": 0, "red wine": 0, "pilsner": 0, "lager": 0}, "B2": {"yes": 1.9686001499999997, "no": 0.5904349748999999, "beer": 0, "wine": 0, "white wine": 0, "red wine": 0, "pilsner": 0, "lager": 0}, "B3": {"beer": 1.0584089999999997, "wine": 0.88524, "white wine": 0, "red wine": 0, "pilsner": 0, "lager": 0}, "A": {"What would you like": -0.011793060000000272, "Would you like beer": -0.99, "Would you like wine": 0.5985181282499997, "Would you like red wine": 3.655575, "Would you like white wine": 2.6937, "Would you like lager": 2.7961963038, "Would you like pilsner": 2.3868}}