{"E1": {}, "E2": {}, "E3": {}, "E4": {}, "D1": {"yes": 3.999999996, "no": 0.5684199943157997, "beer": 0, "wine": 0, "white wine": 0, "red wine": 0, "pilsner": 0, "lager": 0}, "D2": {"yes": 3.9996, "no": 0.5683963157999997, "beer": 0, "wine": 0, "white wine": 0, "red wine": 0, "pilsner": 0, "lager": 0}, "D3": {"beer": 0, "wine": 0, "white wine": 0, "red wine": 0, "pilsner": 0, "lager": 0}, "D4": {"yes": 4.999995, "no": 1.5121860206450397, "beer": 0, "wine": 0, "white wine": 0, "red wine": 0, "pilsner": 0, "lager": 0}, "D5": {"yes": 3.999996, "no": 1.5082736129999996, "beer": 0, "wine": 0, "white wine": 0, "red wine": 0, "pilsner": 0, "lager": 0}, "D6": {"beer": 0, "wine": 2.2189373999999997, "white wine": 3.96, "red wine": 4.95, "pilsner": 0, "lager": 0}, "C1": {"Would you like lager": 2.7036, "Would you like pilsner": -0.9, "Pilsner or Lager": 0}, "C2": {"Would you like red wine": -0.9, "Would you like white wine": 2.4858000000000002, "White or red wine": 3.6970379999999996}, "B1": {"yes": -0.9, "no": 1.4588377874999996, "beer": 0, "wine": 0, "white wine": 0, "red wine": 0, "pilsner": 0, "lager": 0}, "B2": {"yes": 1.9686001499999997, "no": 0.5904349748999999, "beer": 0, "wine": 0, "white wine": 0, "red wine": 0, "pilsner": 0, "lager": 0}, "B3": {"beer": 1.0584089999999997, "wine": 0.88524, "white wine": 0, "red wine": 0, "pilsner": 0, "lager": 0}, "A": {"What would you like": -0.011793060000000272, "Would you like beer": -0.4490960625000001, "Would you like wine": 0.5985181282499997, "Would you like red wine": 3.749995245707482, "Would you like white wine": 2.7999578276999997, "Would you like lager": 2.79961657963038, "Would you like pilsner": 2.79999997868628}}